"season","tm","g","w","l","t","wp","w_ats","l_ats","t_ats","wp_ats"
1978,"ATL",16,9,7,0,56.2,6,8,2,37.5
1978,"BAL",16,5,11,0,31.2,6,10,0,37.5
1978,"BUF",16,5,11,0,31.2,12,4,0,75
1978,"CHI",16,7,9,0,43.8,9,7,0,56.2
1978,"CIN",16,4,12,0,25,8,8,0,50
1978,"CLE",16,8,8,0,50,7,8,1,43.8
1978,"DAL",16,12,4,0,75,8,8,0,50
1978,"DEN",16,10,6,0,62.5,8,7,1,50
1978,"DET",16,7,9,0,43.8,8,8,0,50
1978,"GB",16,8,7,1,50,8,8,0,50
1978,"HOU",16,10,6,0,62.5,6,9,1,37.5
1978,"KC",16,4,12,0,25,8,8,0,50
1978,"MIA",16,11,5,0,68.8,9,7,0,56.2
1978,"MIN",16,8,7,1,50,6,10,0,37.5
1978,"NE",16,11,5,0,68.8,6,10,0,37.5
1978,"NO",16,7,9,0,43.8,10,6,0,62.5
1978,"NYG",16,6,10,0,37.5,8,7,1,50
1978,"NYJ",16,8,8,0,50,9,7,0,56.2
1978,"OAK",16,9,7,0,56.2,6,10,0,37.5
1978,"PHI",16,9,7,0,56.2,10,5,1,62.5
1978,"PIT",16,14,2,0,87.5,9,6,1,56.2
1978,"RAM",16,12,4,0,75,5,9,2,31.2
1978,"SD",16,9,7,0,56.2,9,7,0,56.2
1978,"SEA",16,9,7,0,56.2,10,5,1,62.5
1978,"SF",16,2,14,0,12.5,3,12,1,18.8
1978,"STL",16,6,10,0,37.5,8,8,0,50
1978,"TB",16,5,11,0,31.2,9,7,0,56.2
1978,"WAS",16,8,8,0,50,7,9,0,43.8
1979,"ATL",16,6,10,0,37.5,7,8,1,43.8
1979,"BAL",16,5,11,0,31.2,7,8,1,43.8
1979,"BUF",16,7,9,0,43.8,7,7,2,43.8
1979,"CHI",16,10,6,0,62.5,8,7,1,50
1979,"CIN",16,4,12,0,25,6,8,2,37.5
1979,"CLE",16,9,7,0,56.2,8,8,0,50
1979,"DAL",16,11,5,0,68.8,5,11,0,31.2
1979,"DEN",16,10,6,0,62.5,8,7,1,50
1979,"DET",16,2,14,0,12.5,4,11,1,25
1979,"GB",16,5,11,0,31.2,6,8,2,37.5
1979,"HOU",16,11,5,0,68.8,8,7,1,50
1979,"KC",16,7,9,0,43.8,7,7,2,43.8
1979,"MIA",16,10,6,0,62.5,8,7,1,50
1979,"MIN",16,7,9,0,43.8,8,8,0,50
1979,"NE",16,9,7,0,56.2,6,9,1,37.5
1979,"NO",16,8,8,0,50,8,8,0,50
1979,"NYG",16,6,10,0,37.5,9,7,0,56.2
1979,"NYJ",16,8,8,0,50,9,7,0,56.2
1979,"OAK",16,9,7,0,56.2,9,7,0,56.2
1979,"PHI",16,11,5,0,68.8,8,7,1,50
1979,"PIT",16,12,4,0,75,9,7,0,56.2
1979,"RAM",16,9,7,0,56.2,5,10,1,31.2
1979,"SD",16,12,4,0,75,8,6,2,50
1979,"SEA",16,9,7,0,56.2,10,5,1,62.5
1979,"SF",16,2,14,0,12.5,7,8,1,43.8
1979,"STL",16,5,11,0,31.2,8,7,1,50
1979,"TB",16,10,6,0,62.5,8,7,1,50
1979,"WAS",16,10,6,0,62.5,11,5,0,68.8
1980,"ATL",16,12,4,0,75,12,3,1,75
1980,"BAL",16,7,9,0,43.8,8,8,0,50
1980,"BUF",16,11,5,0,68.8,10,6,0,62.5
1980,"CHI",16,7,9,0,43.8,7,8,1,43.8
1980,"CIN",16,6,10,0,37.5,7,7,2,43.8
1980,"CLE",16,11,5,0,68.8,9,6,1,56.2
1980,"DAL",16,12,4,0,75,10,6,0,62.5
1980,"DEN",16,8,8,0,50,6,8,2,37.5
1980,"DET",16,9,7,0,56.2,9,5,2,56.2
1980,"GB",16,5,10,1,31.2,8,8,0,50
1980,"HOU",16,11,5,0,68.8,6,8,2,37.5
1980,"KC",16,8,8,0,50,8,7,1,50
1980,"MIA",16,8,8,0,50,7,9,0,43.8
1980,"MIN",16,9,7,0,56.2,9,7,0,56.2
1980,"NE",16,10,6,0,62.5,10,6,0,62.5
1980,"NO",16,1,15,0,6.2,5,9,2,31.2
1980,"NYG",16,4,12,0,25,7,9,0,43.8
1980,"NYJ",16,4,12,0,25,5,11,0,31.2
1980,"OAK",16,11,5,0,68.8,9,6,1,56.2
1980,"PHI",16,12,4,0,75,11,5,0,68.8
1980,"PIT",16,9,7,0,56.2,3,13,0,18.8
1980,"RAM",16,11,5,0,68.8,10,4,2,62.5
1980,"SD",16,11,5,0,68.8,7,9,0,43.8
1980,"SEA",16,4,12,0,25,6,10,0,37.5
1980,"SF",16,6,10,0,37.5,8,7,1,50
1980,"STL",16,5,11,0,31.2,5,10,1,31.2
1980,"TB",16,5,10,1,31.2,5,10,1,31.2
1980,"WAS",16,6,10,0,37.5,7,9,0,43.8
1981,"ATL",16,7,9,0,43.8,6,9,1,37.5
1981,"BAL",16,2,14,0,12.5,3,12,1,18.8
1981,"BUF",16,10,6,0,62.5,7,9,0,43.8
1981,"CHI",16,6,10,0,37.5,8,8,0,50
1981,"CIN",16,12,4,0,75,11,5,0,68.8
1981,"CLE",16,5,11,0,31.2,6,10,0,37.5
1981,"DAL",16,12,4,0,75,9,7,0,56.2
1981,"DEN",16,10,6,0,62.5,7,9,0,43.8
1981,"DET",16,8,8,0,50,9,6,1,56.2
1981,"GB",16,8,8,0,50,8,8,0,50
1981,"HOU",16,7,9,0,43.8,7,8,1,43.8
1981,"KC",16,9,7,0,56.2,11,5,0,68.8
1981,"MIA",16,11,4,1,68.8,11,4,1,68.8
1981,"MIN",16,7,9,0,43.8,8,8,0,50
1981,"NE",16,2,14,0,12.5,3,13,0,18.8
1981,"NO",16,4,12,0,25,6,10,0,37.5
1981,"NYG",16,9,7,0,56.2,10,6,0,62.5
1981,"NYJ",16,10,5,1,62.5,9,7,0,56.2
1981,"OAK",16,7,9,0,43.8,6,10,0,37.5
1981,"PHI",16,10,6,0,62.5,10,6,0,62.5
1981,"PIT",16,8,8,0,50,8,8,0,50
1981,"RAM",16,6,10,0,37.5,7,9,0,43.8
1981,"SD",16,10,6,0,62.5,7,9,0,43.8
1981,"SEA",16,6,10,0,37.5,6,10,0,37.5
1981,"SF",16,13,3,0,81.2,12,4,0,75
1981,"STL",16,7,9,0,43.8,7,9,0,43.8
1981,"TB",16,9,7,0,56.2,11,5,0,68.8
1981,"WAS",16,8,8,0,50,8,7,1,50
1982,"ATL",10,5,5,0,50,5,5,0,50
1982,"BAL",9,0,8,1,0,4,5,0,44.4
1982,"BUF",9,4,5,0,44.4,3,5,1,33.3
1982,"CHI",9,3,6,0,33.3,4,5,0,44.4
1982,"CIN",10,7,3,0,70,5,5,0,50
1982,"CLE",10,4,6,0,40,3,7,0,30
1982,"DAL",10,7,3,0,70,6,4,0,60
1982,"DEN",9,2,7,0,22.2,3,6,0,33.3
1982,"DET",10,4,6,0,40,5,5,0,50
1982,"GB",10,6,3,1,60,7,3,0,70
1982,"HOU",9,1,8,0,11.1,2,7,0,22.2
1982,"KC",9,3,6,0,33.3,3,6,0,33.3
1982,"MIA",10,8,2,0,80,7,3,0,70
1982,"MIN",10,6,4,0,60,6,4,0,60
1982,"NE",10,5,5,0,50,6,4,0,60
1982,"NO",9,4,5,0,44.4,4,5,0,44.4
1982,"NYG",9,4,5,0,44.4,4,5,0,44.4
1982,"NYJ",10,7,3,0,70,6,4,0,60
1982,"PHI",9,3,6,0,33.3,3,6,0,33.3
1982,"PIT",10,6,4,0,60,6,4,0,60
1982,"RAI",10,9,1,0,90,7,3,0,70
1982,"RAM",9,2,7,0,22.2,3,6,0,33.3
1982,"SD",10,7,3,0,70,7,3,0,70
1982,"SEA",9,4,5,0,44.4,5,4,0,55.6
1982,"SF",9,3,6,0,33.3,3,6,0,33.3
1982,"STL",10,5,5,0,50,5,5,0,50
1982,"TB",10,5,5,0,50,3,6,1,30
1982,"WAS",10,9,1,0,90,8,2,0,80
1983,"ATL",16,7,9,0,43.8,9,7,0,56.2
1983,"BAL",16,7,9,0,43.8,8,7,1,50
1983,"BUF",16,8,8,0,50,7,8,1,43.8
1983,"CHI",16,8,8,0,50,8,6,2,50
1983,"CIN",16,7,9,0,43.8,7,9,0,43.8
1983,"CLE",16,9,7,0,56.2,8,8,0,50
1983,"DAL",16,12,4,0,75,9,7,0,56.2
1983,"DEN",16,9,7,0,56.2,9,7,0,56.2
1983,"DET",16,9,7,0,56.2,8,8,0,50
1983,"GB",16,8,8,0,50,4,10,2,25
1983,"HOU",16,2,14,0,12.5,7,9,0,43.8
1983,"KC",16,6,10,0,37.5,9,7,0,56.2
1983,"MIA",16,12,4,0,75,10,6,0,62.5
1983,"MIN",16,8,8,0,50,9,7,0,56.2
1983,"NE",16,8,8,0,50,8,8,0,50
1983,"NO",16,8,8,0,50,7,7,2,43.8
1983,"NYG",16,3,12,1,18.8,5,11,0,31.2
1983,"NYJ",16,7,9,0,43.8,6,10,0,37.5
1983,"PHI",16,5,11,0,31.2,6,10,0,37.5
1983,"PIT",16,10,6,0,62.5,8,8,0,50
1983,"RAI",16,12,4,0,75,10,5,1,62.5
1983,"RAM",16,9,7,0,56.2,9,5,2,56.2
1983,"SD",16,6,10,0,37.5,5,11,0,31.2
1983,"SEA",16,9,7,0,56.2,8,8,0,50
1983,"SF",16,10,6,0,62.5,9,7,0,56.2
1983,"STL",16,8,7,1,50,8,8,0,50
1983,"TB",16,2,14,0,12.5,6,10,0,37.5
1983,"WAS",16,14,2,0,87.5,11,4,1,68.8
1984,"ATL",16,4,12,0,25,4,12,0,25
1984,"BUF",16,2,14,0,12.5,5,10,1,31.2
1984,"CHI",16,10,6,0,62.5,9,7,0,56.2
1984,"CIN",16,8,8,0,50,9,6,1,56.2
1984,"CLE",16,5,11,0,31.2,9,7,0,56.2
1984,"DAL",16,9,7,0,56.2,6,9,1,37.5
1984,"DEN",16,13,3,0,81.2,11,5,0,68.8
1984,"DET",16,4,11,1,25,6,10,0,37.5
1984,"GB",16,8,8,0,50,8,8,0,50
1984,"HOU",16,3,13,0,18.8,4,12,0,25
1984,"IND",16,4,12,0,25,7,9,0,43.8
1984,"KC",16,8,8,0,50,8,8,0,50
1984,"MIA",16,14,2,0,87.5,11,5,0,68.8
1984,"MIN",16,3,13,0,18.8,5,11,0,31.2
1984,"NE",16,9,7,0,56.2,6,9,1,37.5
1984,"NO",16,7,9,0,43.8,7,8,1,43.8
1984,"NYG",16,9,7,0,56.2,6,10,0,37.5
1984,"NYJ",16,7,9,0,43.8,6,9,1,37.5
1984,"PHI",16,6,9,1,37.5,10,6,0,62.5
1984,"PIT",16,9,7,0,56.2,8,8,0,50
1984,"RAI",16,11,5,0,68.8,7,8,1,43.8
1984,"RAM",16,10,6,0,62.5,8,8,0,50
1984,"SD",16,7,9,0,43.8,8,8,0,50
1984,"SEA",16,12,4,0,75,10,5,1,62.5
1984,"SF",16,15,1,0,93.8,12,4,0,75
1984,"STL",16,9,7,0,56.2,9,7,0,56.2
1984,"TB",16,6,10,0,37.5,11,5,0,68.8
1984,"WAS",16,11,5,0,68.8,10,6,0,62.5
1985,"ATL",16,4,12,0,25,6,10,0,37.5
1985,"BUF",16,2,14,0,12.5,5,10,1,31.2
1985,"CHI",16,15,1,0,93.8,12,3,1,75
1985,"CIN",16,7,9,0,43.8,7,9,0,43.8
1985,"CLE",16,8,8,0,50,9,7,0,56.2
1985,"DAL",16,10,6,0,62.5,10,6,0,62.5
1985,"DEN",16,11,5,0,68.8,9,7,0,56.2
1985,"DET",16,7,9,0,43.8,8,8,0,50
1985,"GB",16,8,8,0,50,8,8,0,50
1985,"HOU",16,5,11,0,31.2,7,9,0,43.8
1985,"IND",16,5,11,0,31.2,8,6,2,50
1985,"KC",16,6,10,0,37.5,7,9,0,43.8
1985,"MIA",16,12,4,0,75,8,7,1,50
1985,"MIN",16,7,9,0,43.8,8,8,0,50
1985,"NE",16,11,5,0,68.8,11,4,1,68.8
1985,"NO",16,5,11,0,31.2,4,12,0,25
1985,"NYG",16,10,6,0,62.5,9,6,1,56.2
1985,"NYJ",16,11,5,0,68.8,8,7,1,50
1985,"PHI",16,7,9,0,43.8,7,9,0,43.8
1985,"PIT",16,7,9,0,43.8,6,10,0,37.5
1985,"RAI",16,12,4,0,75,10,6,0,62.5
1985,"RAM",16,11,5,0,68.8,9,7,0,56.2
1985,"SD",16,8,8,0,50,7,8,1,43.8
1985,"SEA",16,8,8,0,50,7,8,1,43.8
1985,"SF",16,10,6,0,62.5,10,6,0,62.5
1985,"STL",16,5,11,0,31.2,5,11,0,31.2
1985,"TB",16,2,14,0,12.5,5,10,1,31.2
1985,"WAS",16,10,6,0,62.5,8,7,1,50
1986,"ATL",16,7,8,1,43.8,9,7,0,56.2
1986,"BUF",16,4,12,0,25,8,8,0,50
1986,"CHI",16,14,2,0,87.5,6,10,0,37.5
1986,"CIN",16,10,6,0,62.5,7,9,0,43.8
1986,"CLE",16,12,4,0,75,9,6,1,56.2
1986,"DAL",16,7,9,0,43.8,5,10,1,31.2
1986,"DEN",16,11,5,0,68.8,8,7,1,50
1986,"DET",16,5,11,0,31.2,9,7,0,56.2
1986,"GB",16,4,12,0,25,7,9,0,43.8
1986,"HOU",16,5,11,0,31.2,8,8,0,50
1986,"IND",16,3,13,0,18.8,7,9,0,43.8
1986,"KC",16,10,6,0,62.5,8,8,0,50
1986,"MIA",16,8,8,0,50,7,9,0,43.8
1986,"MIN",16,9,7,0,56.2,10,6,0,62.5
1986,"NE",16,11,5,0,68.8,6,10,0,37.5
1986,"NO",16,7,9,0,43.8,10,6,0,62.5
1986,"NYG",16,14,2,0,87.5,9,5,2,56.2
1986,"NYJ",16,10,6,0,62.5,6,10,0,37.5
1986,"PHI",16,5,10,1,31.2,9,7,0,56.2
1986,"PIT",16,6,10,0,37.5,9,6,1,56.2
1986,"RAI",16,8,8,0,50,8,8,0,50
1986,"RAM",16,10,6,0,62.5,9,7,0,56.2
1986,"SD",16,4,12,0,25,7,9,0,43.8
1986,"SEA",16,10,6,0,62.5,9,7,0,56.2
1986,"SF",16,10,5,1,62.5,9,7,0,56.2
1986,"STL",16,4,11,1,25,7,9,0,43.8
1986,"TB",16,2,14,0,12.5,6,10,0,37.5
1986,"WAS",16,12,4,0,75,9,7,0,56.2
1987,"ATL",15,3,12,0,20,5,9,1,33.3
1987,"BUF",15,7,8,0,46.7,9,6,0,60
1987,"CHI",16,11,5,0,68.8,8,7,1,50
1987,"CIN",15,4,11,0,26.7,3,12,0,20
1987,"CLE",16,11,5,0,68.8,10,6,0,62.5
1987,"DAL",15,7,8,0,46.7,7,8,0,46.7
1987,"DEN",16,11,4,1,68.8,8,7,1,50
1987,"DET",15,4,11,0,26.7,6,9,0,40
1987,"GB",15,5,9,1,33.3,8,7,0,53.3
1987,"HOU",17,10,7,0,58.8,9,7,1,52.9
1987,"IND",16,9,7,0,56.2,9,7,0,56.2
1987,"KC",15,4,11,0,26.7,8,7,0,53.3
1987,"MIA",15,8,7,0,53.3,7,8,0,46.7
1987,"MIN",17,10,7,0,58.8,7,10,0,41.2
1987,"NE",15,8,7,0,53.3,6,9,0,40
1987,"NO",16,12,4,0,75,11,5,0,68.8
1987,"NYG",15,6,9,0,40,5,10,0,33.3
1987,"NYJ",15,6,9,0,40,8,7,0,53.3
1987,"PHI",15,7,8,0,46.7,10,4,1,66.7
1987,"PIT",15,8,7,0,53.3,8,7,0,53.3
1987,"RAI",15,5,10,0,33.3,7,8,0,46.7
1987,"RAM",15,6,9,0,40,6,9,0,40
1987,"SD",15,8,7,0,53.3,6,9,0,40
1987,"SEA",16,9,7,0,56.2,8,8,0,50
1987,"SF",16,13,3,0,81.2,9,7,0,56.2
1987,"STL",15,7,8,0,46.7,9,6,0,60
1987,"TB",15,4,11,0,26.7,7,8,0,46.7
1987,"WAS",16,12,4,0,75,9,6,1,56.2
1988,"ATL",16,5,11,0,31.2,8,7,1,50
1988,"BUF",16,12,4,0,75,9,6,1,56.2
1988,"CHI",16,12,4,0,75,11,5,0,68.8
1988,"CIN",16,12,4,0,75,11,5,0,68.8
1988,"CLE",16,10,6,0,62.5,8,8,0,50
1988,"DAL",16,3,13,0,18.8,6,8,2,37.5
1988,"DEN",16,8,8,0,50,8,8,0,50
1988,"DET",16,4,12,0,25,8,8,0,50
1988,"GB",16,4,12,0,25,6,10,0,37.5
1988,"HOU",16,10,6,0,62.5,9,7,0,56.2
1988,"IND",16,9,7,0,56.2,6,10,0,37.5
1988,"KC",16,4,11,1,25,8,8,0,50
1988,"MIA",16,6,10,0,37.5,4,11,1,25
1988,"MIN",16,11,5,0,68.8,9,7,0,56.2
1988,"NE",16,9,7,0,56.2,10,6,0,62.5
1988,"NO",16,10,6,0,62.5,7,9,0,43.8
1988,"NYG",16,10,6,0,62.5,7,9,0,43.8
1988,"NYJ",16,8,7,1,50,8,8,0,50
1988,"PHI",16,10,6,0,62.5,9,7,0,56.2
1988,"PHO",16,7,9,0,43.8,6,10,0,37.5
1988,"PIT",16,5,11,0,31.2,7,8,1,43.8
1988,"RAI",16,7,9,0,43.8,6,10,0,37.5
1988,"RAM",16,10,6,0,62.5,9,7,0,56.2
1988,"SD",16,6,10,0,37.5,8,8,0,50
1988,"SEA",16,9,7,0,56.2,8,8,0,50
1988,"SF",16,10,6,0,62.5,10,6,0,62.5
1988,"TB",16,5,11,0,31.2,10,6,0,62.5
1988,"WAS",16,7,9,0,43.8,5,11,0,31.2
1989,"ATL",16,3,13,0,18.8,6,10,0,37.5
1989,"BUF",16,9,7,0,56.2,8,8,0,50
1989,"CHI",16,6,10,0,37.5,5,11,0,31.2
1989,"CIN",16,8,8,0,50,9,6,1,56.2
1989,"CLE",16,9,6,1,56.2,8,8,0,50
1989,"DAL",16,1,15,0,6.2,6,10,0,37.5
1989,"DEN",16,11,5,0,68.8,11,5,0,68.8
1989,"DET",16,7,9,0,43.8,11,5,0,68.8
1989,"GB",16,10,6,0,62.5,9,7,0,56.2
1989,"HOU",16,9,7,0,56.2,6,10,0,37.5
1989,"IND",16,8,8,0,50,6,10,0,37.5
1989,"KC",16,8,7,1,50,8,7,1,50
1989,"MIA",16,8,8,0,50,7,9,0,43.8
1989,"MIN",16,10,6,0,62.5,8,8,0,50
1989,"NE",16,5,11,0,31.2,8,8,0,50
1989,"NO",16,9,7,0,56.2,9,7,0,56.2
1989,"NYG",16,12,4,0,75,11,4,1,68.8
1989,"NYJ",16,4,12,0,25,4,12,0,25
1989,"PHI",16,11,5,0,68.8,8,8,0,50
1989,"PHO",16,5,11,0,31.2,6,10,0,37.5
1989,"PIT",16,9,7,0,56.2,8,7,1,50
1989,"RAI",16,8,8,0,50,7,9,0,43.8
1989,"RAM",16,11,5,0,68.8,9,7,0,56.2
1989,"SD",16,6,10,0,37.5,10,5,1,62.5
1989,"SEA",16,7,9,0,43.8,6,10,0,37.5
1989,"SF",16,14,2,0,87.5,13,3,0,81.2
1989,"TB",16,5,11,0,31.2,9,7,0,56.2
1989,"WAS",16,10,6,0,62.5,5,10,1,31.2
1990,"ATL",16,5,11,0,31.2,7,9,0,43.8
1990,"BUF",16,13,3,0,81.2,10,5,1,62.5
1990,"CHI",16,11,5,0,68.8,10,6,0,62.5
1990,"CIN",16,9,7,0,56.2,8,8,0,50
1990,"CLE",16,3,13,0,18.8,5,10,1,31.2
1990,"DAL",16,7,9,0,43.8,9,7,0,56.2
1990,"DEN",16,5,11,0,31.2,4,11,1,25
1990,"DET",16,6,10,0,37.5,7,7,2,43.8
1990,"GB",16,6,10,0,37.5,6,10,0,37.5
1990,"HOU",16,9,7,0,56.2,9,5,2,56.2
1990,"IND",16,7,9,0,43.8,8,8,0,50
1990,"KC",16,11,5,0,68.8,10,4,2,62.5
1990,"MIA",16,12,4,0,75,9,7,0,56.2
1990,"MIN",16,6,10,0,37.5,7,9,0,43.8
1990,"NE",16,1,15,0,6.2,4,12,0,25
1990,"NO",16,8,8,0,50,7,8,1,43.8
1990,"NYG",16,13,3,0,81.2,10,6,0,62.5
1990,"NYJ",16,6,10,0,37.5,9,7,0,56.2
1990,"PHI",16,10,6,0,62.5,8,8,0,50
1990,"PHO",16,5,11,0,31.2,9,7,0,56.2
1990,"PIT",16,9,7,0,56.2,9,7,0,56.2
1990,"RAI",16,12,4,0,75,11,4,1,68.8
1990,"RAM",16,5,11,0,31.2,5,10,1,31.2
1990,"SD",16,6,10,0,37.5,7,8,1,43.8
1990,"SEA",16,9,7,0,56.2,9,6,1,56.2
1990,"SF",16,14,2,0,87.5,7,9,0,43.8
1990,"TB",16,6,10,0,37.5,5,10,1,31.2
1990,"WAS",16,10,6,0,62.5,7,8,1,43.8
1991,"ATL",16,10,6,0,62.5,9,7,0,56.2
1991,"BUF",16,13,3,0,81.2,9,7,0,56.2
1991,"CHI",16,11,5,0,68.8,9,7,0,56.2
1991,"CIN",16,3,13,0,18.8,4,12,0,25
1991,"CLE",16,6,10,0,37.5,8,6,2,50
1991,"DAL",16,11,5,0,68.8,12,3,1,75
1991,"DEN",16,12,4,0,75,9,4,3,56.2
1991,"DET",16,12,4,0,75,12,4,0,75
1991,"GB",16,4,12,0,25,6,10,0,37.5
1991,"HOU",16,11,5,0,68.8,7,7,2,43.8
1991,"IND",16,1,15,0,6.2,5,11,0,31.2
1991,"KC",16,10,6,0,62.5,6,10,0,37.5
1991,"MIA",16,8,8,0,50,8,8,0,50
1991,"MIN",16,8,8,0,50,6,10,0,37.5
1991,"NE",16,6,10,0,37.5,7,9,0,43.8
1991,"NO",16,11,5,0,68.8,10,6,0,62.5
1991,"NYG",16,8,8,0,50,5,11,0,31.2
1991,"NYJ",16,8,8,0,50,8,7,1,50
1991,"PHI",16,10,6,0,62.5,8,7,1,50
1991,"PHO",16,4,12,0,25,7,9,0,43.8
1991,"PIT",16,7,9,0,43.8,7,8,1,43.8
1991,"RAI",16,9,7,0,56.2,7,9,0,43.8
1991,"RAM",16,3,13,0,18.8,4,12,0,25
1991,"SD",16,4,12,0,25,7,6,3,43.8
1991,"SEA",16,7,9,0,43.8,9,6,1,56.2
1991,"SF",16,10,6,0,62.5,8,8,0,50
1991,"TB",16,3,13,0,18.8,8,8,0,50
1991,"WAS",16,14,2,0,87.5,11,4,1,68.8
1992,"ATL",16,6,10,0,37.5,6,9,1,37.5
1992,"BUF",16,11,5,0,68.8,8,8,0,50
1992,"CHI",16,5,11,0,31.2,5,11,0,31.2
1992,"CIN",16,5,11,0,31.2,7,9,0,43.8
1992,"CLE",16,7,9,0,43.8,7,9,0,43.8
1992,"DAL",16,13,3,0,81.2,10,5,1,62.5
1992,"DEN",16,8,8,0,50,8,7,1,50
1992,"DET",16,5,11,0,31.2,8,8,0,50
1992,"GB",16,9,7,0,56.2,9,7,0,56.2
1992,"HOU",16,10,6,0,62.5,9,7,0,56.2
1992,"IND",16,9,7,0,56.2,9,7,0,56.2
1992,"KC",16,10,6,0,62.5,8,7,1,50
1992,"MIA",16,11,5,0,68.8,6,10,0,37.5
1992,"MIN",16,11,5,0,68.8,9,7,0,56.2
1992,"NE",16,2,14,0,12.5,8,8,0,50
1992,"NO",16,12,4,0,75,11,5,0,68.8
1992,"NYG",16,6,10,0,37.5,5,11,0,31.2
1992,"NYJ",16,4,12,0,25,4,11,1,25
1992,"PHI",16,11,5,0,68.8,9,7,0,56.2
1992,"PHO",16,4,12,0,25,8,8,0,50
1992,"PIT",16,11,5,0,68.8,9,7,0,56.2
1992,"RAI",16,7,9,0,43.8,7,9,0,43.8
1992,"RAM",16,6,10,0,37.5,9,7,0,56.2
1992,"SD",16,11,5,0,68.8,12,4,0,75
1992,"SEA",16,2,14,0,12.5,8,8,0,50
1992,"SF",16,14,2,0,87.5,8,8,0,50
1992,"TB",16,5,11,0,31.2,9,7,0,56.2
1992,"WAS",16,9,7,0,56.2,5,10,1,31.2
1993,"ATL",16,6,10,0,37.5,7,8,1,43.8
1993,"BUF",16,12,4,0,75,8,8,0,50
1993,"CHI",16,7,9,0,43.8,7,7,2,43.8
1993,"CIN",16,3,13,0,18.8,8,8,0,50
1993,"CLE",16,7,9,0,43.8,9,7,0,56.2
1993,"DAL",16,12,4,0,75,9,7,0,56.2
1993,"DEN",16,9,7,0,56.2,9,5,2,56.2
1993,"DET",16,10,6,0,62.5,9,7,0,56.2
1993,"GB",16,9,7,0,56.2,9,7,0,56.2
1993,"HOU",16,12,4,0,75,12,4,0,75
1993,"IND",16,4,12,0,25,5,11,0,31.2
1993,"KC",16,11,5,0,68.8,8,8,0,50
1993,"MIA",16,9,7,0,56.2,6,10,0,37.5
1993,"MIN",16,9,7,0,56.2,6,10,0,37.5
1993,"NE",16,5,11,0,31.2,10,6,0,62.5
1993,"NO",16,8,8,0,50,6,9,1,37.5
1993,"NYG",16,11,5,0,68.8,11,5,0,68.8
1993,"NYJ",16,8,8,0,50,7,8,1,43.8
1993,"PHI",16,8,8,0,50,10,6,0,62.5
1993,"PHO",16,7,9,0,43.8,10,5,1,62.5
1993,"PIT",16,9,7,0,56.2,7,9,0,43.8
1993,"RAI",16,10,6,0,62.5,6,8,2,37.5
1993,"RAM",16,5,11,0,31.2,5,11,0,31.2
1993,"SD",16,8,8,0,50,7,8,1,43.8
1993,"SEA",16,6,10,0,37.5,7,9,0,43.8
1993,"SF",16,10,6,0,62.5,8,8,0,50
1993,"TB",16,5,11,0,31.2,7,9,0,43.8
1993,"WAS",16,4,12,0,25,5,10,1,31.2
1994,"ARI",16,8,8,0,50,8,8,0,50
1994,"ATL",16,7,9,0,43.8,10,6,0,62.5
1994,"BUF",16,7,9,0,43.8,8,8,0,50
1994,"CHI",16,9,7,0,56.2,9,7,0,56.2
1994,"CIN",16,3,13,0,18.8,8,8,0,50
1994,"CLE",16,11,5,0,68.8,11,5,0,68.8
1994,"DAL",16,12,4,0,75,8,8,0,50
1994,"DEN",16,7,9,0,43.8,4,10,2,25
1994,"DET",16,9,7,0,56.2,7,9,0,43.8
1994,"GB",16,9,7,0,56.2,8,7,1,50
1994,"HOU",16,2,14,0,12.5,3,12,1,18.8
1994,"IND",16,8,8,0,50,8,8,0,50
1994,"KC",16,9,7,0,56.2,9,7,0,56.2
1994,"MIA",16,10,6,0,62.5,8,8,0,50
1994,"MIN",16,10,6,0,62.5,7,9,0,43.8
1994,"NE",16,10,6,0,62.5,9,7,0,56.2
1994,"NO",16,7,9,0,43.8,9,7,0,56.2
1994,"NYG",16,9,7,0,56.2,9,7,0,56.2
1994,"NYJ",16,6,10,0,37.5,5,9,2,31.2
1994,"PHI",16,7,9,0,43.8,5,11,0,31.2
1994,"PIT",16,12,4,0,75,11,4,1,68.8
1994,"RAI",16,9,7,0,56.2,6,9,1,37.5
1994,"RAM",16,4,12,0,25,7,8,1,43.8
1994,"SD",16,11,5,0,68.8,11,5,0,68.8
1994,"SEA",16,6,10,0,37.5,6,9,1,37.5
1994,"SF",16,13,3,0,81.2,11,5,0,68.8
1994,"TB",16,6,10,0,37.5,8,8,0,50
1994,"WAS",16,3,13,0,18.8,6,10,0,37.5
1995,"ARI",16,4,12,0,25,7,9,0,43.8
1995,"ATL",16,9,7,0,56.2,9,6,1,56.2
1995,"BUF",16,10,6,0,62.5,8,8,0,50
1995,"CAR",16,7,9,0,43.8,10,6,0,62.5
1995,"CHI",16,9,7,0,56.2,6,10,0,37.5
1995,"CIN",16,7,9,0,43.8,10,6,0,62.5
1995,"CLE",16,5,11,0,31.2,5,10,1,31.2
1995,"DAL",16,12,4,0,75,8,7,1,50
1995,"DEN",16,8,8,0,50,6,9,1,37.5
1995,"DET",16,10,6,0,62.5,10,6,0,62.5
1995,"GB",16,11,5,0,68.8,10,6,0,62.5
1995,"HOU",16,7,9,0,43.8,11,5,0,68.8
1995,"IND",16,9,7,0,56.2,6,9,1,37.5
1995,"JAX",16,4,12,0,25,9,7,0,56.2
1995,"KC",16,13,3,0,81.2,9,7,0,56.2
1995,"MIA",16,9,7,0,56.2,8,8,0,50
1995,"MIN",16,8,8,0,50,9,7,0,56.2
1995,"NE",16,6,10,0,37.5,6,9,1,37.5
1995,"NO",16,7,9,0,43.8,8,7,1,50
1995,"NYG",16,5,11,0,31.2,9,7,0,56.2
1995,"NYJ",16,3,13,0,18.8,6,10,0,37.5
1995,"OAK",16,8,8,0,50,6,10,0,37.5
1995,"PHI",16,10,6,0,62.5,8,7,1,50
1995,"PIT",16,11,5,0,68.8,9,7,0,56.2
1995,"SD",16,9,7,0,56.2,8,8,0,50
1995,"SEA",16,8,8,0,50,9,7,0,56.2
1995,"SF",16,11,5,0,68.8,7,9,0,43.8
1995,"STL",16,7,9,0,43.8,6,9,1,37.5
1995,"TB",16,7,9,0,43.8,6,10,0,37.5
1995,"WAS",16,6,10,0,37.5,6,9,1,37.5
1996,"ARI",16,7,9,0,43.8,10,6,0,62.5
1996,"ATL",16,3,13,0,18.8,6,10,0,37.5
1996,"BAL",16,4,12,0,25,5,9,2,31.2
1996,"BUF",16,10,6,0,62.5,8,8,0,50
1996,"CAR",16,12,4,0,75,12,4,0,75
1996,"CHI",16,7,9,0,43.8,7,8,1,43.8
1996,"CIN",16,8,8,0,50,9,5,2,56.2
1996,"DAL",16,10,6,0,62.5,7,9,0,43.8
1996,"DEN",16,13,3,0,81.2,9,6,1,56.2
1996,"DET",16,5,11,0,31.2,5,11,0,31.2
1996,"GB",16,13,3,0,81.2,10,6,0,62.5
1996,"HOU",16,8,8,0,50,10,6,0,62.5
1996,"IND",16,9,7,0,56.2,7,9,0,43.8
1996,"JAX",16,9,7,0,56.2,6,9,1,37.5
1996,"KC",16,9,7,0,56.2,6,10,0,37.5
1996,"MIA",16,8,8,0,50,6,10,0,37.5
1996,"MIN",16,9,7,0,56.2,9,7,0,56.2
1996,"NE",16,11,5,0,68.8,7,9,0,43.8
1996,"NO",16,3,13,0,18.8,6,10,0,37.5
1996,"NYG",16,6,10,0,37.5,8,8,0,50
1996,"NYJ",16,1,15,0,6.2,8,8,0,50
1996,"OAK",16,7,9,0,43.8,8,7,1,50
1996,"PHI",16,10,6,0,62.5,9,7,0,56.2
1996,"PIT",16,10,6,0,62.5,9,6,1,56.2
1996,"SD",16,8,8,0,50,8,8,0,50
1996,"SEA",16,7,9,0,43.8,8,8,0,50
1996,"SF",16,12,4,0,75,8,8,0,50
1996,"STL",16,6,10,0,37.5,5,10,1,31.2
1996,"TB",16,6,10,0,37.5,9,7,0,56.2
1996,"WAS",16,9,7,0,56.2,10,6,0,62.5
1997,"ARI",16,4,12,0,25,8,7,1,50
1997,"ATL",16,7,9,0,43.8,9,6,1,56.2
1997,"BAL",16,6,9,1,37.5,10,6,0,62.5
1997,"BUF",16,6,10,0,37.5,6,10,0,37.5
1997,"CAR",16,7,9,0,43.8,7,9,0,43.8
1997,"CHI",16,4,12,0,25,6,9,1,37.5
1997,"CIN",16,7,9,0,43.8,7,9,0,43.8
1997,"DAL",16,6,10,0,37.5,3,12,1,18.8
1997,"DEN",16,12,4,0,75,9,7,0,56.2
1997,"DET",16,9,7,0,56.2,9,6,1,56.2
1997,"GB",16,13,3,0,81.2,6,8,2,37.5
1997,"IND",16,3,13,0,18.8,7,8,1,43.8
1997,"JAX",16,11,5,0,68.8,10,6,0,62.5
1997,"KC",16,13,3,0,81.2,11,3,2,68.8
1997,"MIA",16,9,7,0,56.2,7,7,2,43.8
1997,"MIN",16,9,7,0,56.2,9,6,1,56.2
1997,"NE",16,10,6,0,62.5,7,9,0,43.8
1997,"NO",16,6,10,0,37.5,6,9,1,37.5
1997,"NYG",16,10,5,1,62.5,9,6,1,56.2
1997,"NYJ",16,9,7,0,56.2,9,7,0,56.2
1997,"OAK",16,4,12,0,25,4,12,0,25
1997,"PHI",16,6,9,1,37.5,7,9,0,43.8
1997,"PIT",16,11,5,0,68.8,9,6,1,56.2
1997,"SD",16,4,12,0,25,6,10,0,37.5
1997,"SEA",16,8,8,0,50,8,8,0,50
1997,"SF",16,13,3,0,81.2,8,7,1,50
1997,"STL",16,5,11,0,31.2,7,8,1,43.8
1997,"TB",16,10,6,0,62.5,9,7,0,56.2
1997,"TEN",16,8,8,0,50,10,6,0,62.5
1997,"WAS",16,8,7,1,50,8,8,0,50
1998,"ARI",16,9,7,0,56.2,5,10,1,31.2
1998,"ATL",16,14,2,0,87.5,11,4,1,68.8
1998,"BAL",16,6,10,0,37.5,7,8,1,43.8
1998,"BUF",16,10,6,0,62.5,10,5,1,62.5
1998,"CAR",16,4,12,0,25,7,7,2,43.8
1998,"CHI",16,4,12,0,25,10,6,0,62.5
1998,"CIN",16,3,13,0,18.8,4,11,1,25
1998,"DAL",16,10,6,0,62.5,8,7,1,50
1998,"DEN",16,14,2,0,87.5,9,7,0,56.2
1998,"DET",16,5,11,0,31.2,5,11,0,31.2
1998,"GB",16,11,5,0,68.8,6,8,2,37.5
1998,"IND",16,3,13,0,18.8,7,9,0,43.8
1998,"JAX",16,11,5,0,68.8,9,7,0,56.2
1998,"KC",16,7,9,0,43.8,7,9,0,43.8
1998,"MIA",16,10,6,0,62.5,9,6,1,56.2
1998,"MIN",16,15,1,0,93.8,11,4,1,68.8
1998,"NE",16,9,7,0,56.2,7,7,2,43.8
1998,"NO",16,6,10,0,37.5,10,6,0,62.5
1998,"NYG",16,8,8,0,50,8,8,0,50
1998,"NYJ",16,12,4,0,75,12,4,0,75
1998,"OAK",16,8,8,0,50,7,9,0,43.8
1998,"PHI",16,3,13,0,18.8,7,7,2,43.8
1998,"PIT",16,7,9,0,43.8,5,10,1,31.2
1998,"SD",16,5,11,0,31.2,6,9,1,37.5
1998,"SEA",16,8,8,0,50,9,6,1,56.2
1998,"SF",16,12,4,0,75,6,9,1,37.5
1998,"STL",16,4,12,0,25,5,11,0,31.2
1998,"TB",16,8,8,0,50,8,8,0,50
1998,"TEN",16,8,8,0,50,8,8,0,50
1998,"WAS",16,6,10,0,37.5,7,9,0,43.8
1999,"ARI",16,6,10,0,37.5,6,10,0,37.5
1999,"ATL",16,5,11,0,31.2,6,10,0,37.5
1999,"BAL",16,8,8,0,50,9,6,1,56.2
1999,"BUF",16,11,5,0,68.8,8,7,1,50
1999,"CAR",16,8,8,0,50,10,6,0,62.5
1999,"CHI",16,6,10,0,37.5,10,5,1,62.5
1999,"CIN",16,4,12,0,25,5,10,1,31.2
1999,"CLE",16,2,14,0,12.5,7,8,1,43.8
1999,"DAL",16,8,8,0,50,8,8,0,50
1999,"DEN",16,6,10,0,37.5,9,7,0,56.2
1999,"DET",16,8,8,0,50,7,8,1,43.8
1999,"GB",16,8,8,0,50,7,9,0,43.8
1999,"IND",16,13,3,0,81.2,10,5,1,62.5
1999,"JAX",16,14,2,0,87.5,8,7,1,50
1999,"KC",16,9,7,0,56.2,8,8,0,50
1999,"MIA",16,9,7,0,56.2,6,10,0,37.5
1999,"MIN",16,10,6,0,62.5,4,10,2,25
1999,"NE",16,8,8,0,50,6,8,2,37.5
1999,"NO",16,3,13,0,18.8,4,11,1,25
1999,"NYG",16,7,9,0,43.8,7,9,0,43.8
1999,"NYJ",16,8,8,0,50,8,7,1,50
1999,"OAK",16,8,8,0,50,8,7,1,50
1999,"PHI",16,5,11,0,31.2,10,6,0,62.5
1999,"PIT",16,6,10,0,37.5,6,10,0,37.5
1999,"SD",16,8,8,0,50,10,6,0,62.5
1999,"SEA",16,9,7,0,56.2,6,10,0,37.5
1999,"SF",16,4,12,0,25,5,11,0,31.2
1999,"STL",16,13,3,0,81.2,13,3,0,81.2
1999,"TB",16,11,5,0,68.8,11,4,1,68.8
1999,"TEN",16,13,3,0,81.2,9,5,2,56.2
1999,"WAS",16,10,6,0,62.5,8,8,0,50
2000,"ARI",16,3,13,0,18.8,4,12,0,25
2000,"ATL",16,4,12,0,25,6,10,0,37.5
2000,"BAL",16,12,4,0,75,10,5,1,62.5
2000,"BUF",16,8,8,0,50,7,9,0,43.8
2000,"CAR",16,7,9,0,43.8,8,8,0,50
2000,"CHI",16,5,11,0,31.2,7,8,1,43.8
2000,"CIN",16,4,12,0,25,7,8,1,43.8
2000,"CLE",16,3,13,0,18.8,5,11,0,31.2
2000,"DAL",16,5,11,0,31.2,7,8,1,43.8
2000,"DEN",16,11,5,0,68.8,9,6,1,56.2
2000,"DET",16,9,7,0,56.2,9,7,0,56.2
2000,"GB",16,9,7,0,56.2,8,8,0,50
2000,"IND",16,10,6,0,62.5,9,7,0,56.2
2000,"JAX",16,7,9,0,43.8,7,7,2,43.8
2000,"KC",16,7,9,0,43.8,7,9,0,43.8
2000,"MIA",16,11,5,0,68.8,10,5,1,62.5
2000,"MIN",16,11,5,0,68.8,8,8,0,50
2000,"NE",16,5,11,0,31.2,7,9,0,43.8
2000,"NO",16,10,6,0,62.5,10,6,0,62.5
2000,"NYG",16,12,4,0,75,9,7,0,56.2
2000,"NYJ",16,9,7,0,56.2,7,7,2,43.8
2000,"OAK",16,12,4,0,75,10,5,1,62.5
2000,"PHI",16,11,5,0,68.8,10,5,1,62.5
2000,"PIT",16,9,7,0,56.2,11,5,0,68.8
2000,"SD",16,1,15,0,6.2,7,9,0,43.8
2000,"SEA",16,6,10,0,37.5,7,9,0,43.8
2000,"SF",16,6,10,0,37.5,7,8,1,43.8
2000,"STL",16,10,6,0,62.5,6,9,1,37.5
2000,"TB",16,10,6,0,62.5,9,7,0,56.2
2000,"TEN",16,13,3,0,81.2,7,9,0,43.8
2000,"WAS",16,8,8,0,50,6,10,0,37.5
2001,"ARI",16,7,9,0,43.8,9,6,1,56.2
2001,"ATL",16,7,9,0,43.8,6,8,2,37.5
2001,"BAL",16,10,6,0,62.5,8,7,1,50
2001,"BUF",16,3,13,0,18.8,6,10,0,37.5
2001,"CAR",16,1,15,0,6.2,7,8,1,43.8
2001,"CHI",16,13,3,0,81.2,11,4,1,68.8
2001,"CIN",16,6,10,0,37.5,8,8,0,50
2001,"CLE",16,7,9,0,43.8,8,7,1,50
2001,"DAL",16,5,11,0,31.2,8,8,0,50
2001,"DEN",16,8,8,0,50,7,9,0,43.8
2001,"DET",16,2,14,0,12.5,9,7,0,56.2
2001,"GB",16,12,4,0,75,9,7,0,56.2
2001,"IND",16,6,10,0,37.5,6,10,0,37.5
2001,"JAX",16,6,10,0,37.5,7,8,1,43.8
2001,"KC",16,6,10,0,37.5,7,8,1,43.8
2001,"MIA",16,11,5,0,68.8,10,5,1,62.5
2001,"MIN",16,5,11,0,31.2,6,10,0,37.5
2001,"NE",16,11,5,0,68.8,11,5,0,68.8
2001,"NO",16,7,9,0,43.8,6,10,0,37.5
2001,"NYG",16,7,9,0,43.8,5,9,2,31.2
2001,"NYJ",16,10,6,0,62.5,8,8,0,50
2001,"OAK",16,10,6,0,62.5,7,8,1,43.8
2001,"PHI",16,11,5,0,68.8,10,5,1,62.5
2001,"PIT",16,13,3,0,81.2,11,4,1,68.8
2001,"SD",16,5,11,0,31.2,5,10,1,31.2
2001,"SEA",16,9,7,0,56.2,5,9,2,31.2
2001,"SF",16,12,4,0,75,9,7,0,56.2
2001,"STL",16,14,2,0,87.5,9,6,1,56.2
2001,"TB",16,9,7,0,56.2,6,9,1,37.5
2001,"TEN",16,7,9,0,43.8,5,10,1,31.2
2001,"WAS",16,8,8,0,50,8,7,1,50
2002,"ARI",16,5,11,0,31.2,6,10,0,37.5
2002,"ATL",16,9,6,1,56.2,10,6,0,62.5
2002,"BAL",16,7,9,0,43.8,10,6,0,62.5
2002,"BUF",16,8,8,0,50,8,7,1,50
2002,"CAR",16,7,9,0,43.8,10,6,0,62.5
2002,"CHI",16,4,12,0,25,5,11,0,31.2
2002,"CIN",16,2,14,0,12.5,4,12,0,25
2002,"CLE",16,9,7,0,56.2,11,5,0,68.8
2002,"DAL",16,5,11,0,31.2,8,8,0,50
2002,"DEN",16,9,7,0,56.2,7,8,1,43.8
2002,"DET",16,3,13,0,18.8,7,9,0,43.8
2002,"GB",16,12,4,0,75,8,8,0,50
2002,"HOU",16,4,12,0,25,7,8,1,43.8
2002,"IND",16,10,6,0,62.5,6,10,0,37.5
2002,"JAX",16,6,10,0,37.5,8,8,0,50
2002,"KC",16,8,8,0,50,10,5,1,62.5
2002,"MIA",16,9,7,0,56.2,9,7,0,56.2
2002,"MIN",16,6,10,0,37.5,8,8,0,50
2002,"NE",16,9,7,0,56.2,6,10,0,37.5
2002,"NO",16,9,7,0,56.2,8,7,1,50
2002,"NYG",16,10,6,0,62.5,9,7,0,56.2
2002,"NYJ",16,9,7,0,56.2,9,6,1,56.2
2002,"OAK",16,11,5,0,68.8,10,5,1,62.5
2002,"PHI",16,12,4,0,75,10,6,0,62.5
2002,"PIT",16,10,5,1,62.5,5,10,1,31.2
2002,"SD",16,8,8,0,50,8,8,0,50
2002,"SEA",16,7,9,0,43.8,9,7,0,56.2
2002,"SF",16,10,6,0,62.5,4,11,1,25
2002,"STL",16,7,9,0,43.8,4,12,0,25
2002,"TB",16,12,4,0,75,10,6,0,62.5
2002,"TEN",16,11,5,0,68.8,10,6,0,62.5
2002,"WAS",16,7,9,0,43.8,7,8,1,43.8
2003,"ARI",16,4,12,0,25,6,10,0,37.5
2003,"ATL",16,5,11,0,31.2,6,10,0,37.5
2003,"BAL",16,10,6,0,62.5,8,6,2,50
2003,"BUF",16,6,10,0,37.5,6,8,2,37.5
2003,"CAR",16,11,5,0,68.8,6,10,0,37.5
2003,"CHI",16,7,9,0,43.8,8,8,0,50
2003,"CIN",16,8,8,0,50,9,6,1,56.2
2003,"CLE",16,5,11,0,31.2,6,10,0,37.5
2003,"DAL",16,10,6,0,62.5,9,6,1,56.2
2003,"DEN",16,10,6,0,62.5,8,8,0,50
2003,"DET",16,5,11,0,31.2,9,7,0,56.2
2003,"GB",16,10,6,0,62.5,10,6,0,62.5
2003,"HOU",16,5,11,0,31.2,9,7,0,56.2
2003,"IND",16,12,4,0,75,9,6,1,56.2
2003,"JAX",16,5,11,0,31.2,7,8,1,43.8
2003,"KC",16,13,3,0,81.2,10,6,0,62.5
2003,"MIA",16,10,6,0,62.5,7,9,0,43.8
2003,"MIN",16,9,7,0,56.2,8,8,0,50
2003,"NE",16,14,2,0,87.5,14,2,0,87.5
2003,"NO",16,8,8,0,50,9,7,0,56.2
2003,"NYG",16,4,12,0,25,3,12,1,18.8
2003,"NYJ",16,6,10,0,37.5,6,8,2,37.5
2003,"OAK",16,4,12,0,25,3,12,1,18.8
2003,"PHI",16,12,4,0,75,11,5,0,68.8
2003,"PIT",16,6,10,0,37.5,8,8,0,50
2003,"SD",16,4,12,0,25,6,10,0,37.5
2003,"SEA",16,10,6,0,62.5,8,7,1,50
2003,"SF",16,7,9,0,43.8,7,7,2,43.8
2003,"STL",16,12,4,0,75,9,6,1,56.2
2003,"TB",16,7,9,0,43.8,6,9,1,37.5
2003,"TEN",16,12,4,0,75,9,7,0,56.2
2003,"WAS",16,5,11,0,31.2,7,8,1,43.8
2004,"ARI",16,6,10,0,37.5,9,7,0,56.2
2004,"ATL",16,11,5,0,68.8,7,9,0,43.8
2004,"BAL",16,9,7,0,56.2,9,7,0,56.2
2004,"BUF",16,9,7,0,56.2,11,5,0,68.8
2004,"CAR",16,7,9,0,43.8,10,6,0,62.5
2004,"CHI",16,5,11,0,31.2,6,9,1,37.5
2004,"CIN",16,8,8,0,50,7,9,0,43.8
2004,"CLE",16,4,12,0,25,6,10,0,37.5
2004,"DAL",16,6,10,0,37.5,7,9,0,43.8
2004,"DEN",16,10,6,0,62.5,7,7,2,43.8
2004,"DET",16,6,10,0,37.5,8,7,1,50
2004,"GB",16,10,6,0,62.5,7,8,1,43.8
2004,"HOU",16,7,9,0,43.8,8,7,1,50
2004,"IND",16,12,4,0,75,9,6,1,56.2
2004,"JAX",16,9,7,0,56.2,10,6,0,62.5
2004,"KC",16,7,9,0,43.8,6,10,0,37.5
2004,"MIA",16,4,12,0,25,7,9,0,43.8
2004,"MIN",16,8,8,0,50,7,9,0,43.8
2004,"NE",16,14,2,0,87.5,11,3,2,68.8
2004,"NO",16,8,8,0,50,8,8,0,50
2004,"NYG",16,6,10,0,37.5,8,8,0,50
2004,"NYJ",16,10,6,0,62.5,8,7,1,50
2004,"OAK",16,5,11,0,31.2,6,10,0,37.5
2004,"PHI",16,13,3,0,81.2,9,7,0,56.2
2004,"PIT",16,15,1,0,93.8,11,5,0,68.8
2004,"SD",16,12,4,0,75,13,2,1,81.2
2004,"SEA",16,9,7,0,56.2,5,11,0,31.2
2004,"SF",16,2,14,0,12.5,6,10,0,37.5
2004,"STL",16,8,8,0,50,6,10,0,37.5
2004,"TB",16,5,11,0,31.2,5,10,1,31.2
2004,"TEN",16,5,11,0,31.2,5,11,0,31.2
2004,"WAS",16,6,10,0,37.5,8,8,0,50
2005,"ARI",16,5,11,0,31.2,6,10,0,37.5
2005,"ATL",16,8,8,0,50,7,8,1,43.8
2005,"BAL",16,6,10,0,37.5,7,9,0,43.8
2005,"BUF",16,5,11,0,31.2,7,8,1,43.8
2005,"CAR",16,11,5,0,68.8,9,5,2,56.2
2005,"CHI",16,11,5,0,68.8,10,5,1,62.5
2005,"CIN",16,11,5,0,68.8,8,6,2,50
2005,"CLE",16,6,10,0,37.5,8,8,0,50
2005,"DAL",16,9,7,0,56.2,6,8,2,37.5
2005,"DEN",16,13,3,0,81.2,11,4,1,68.8
2005,"DET",16,5,11,0,31.2,8,8,0,50
2005,"GB",16,4,12,0,25,4,9,3,25
2005,"HOU",16,2,14,0,12.5,7,9,0,43.8
2005,"IND",16,14,2,0,87.5,10,6,0,62.5
2005,"JAX",16,12,4,0,75,9,6,1,56.2
2005,"KC",16,10,6,0,62.5,9,6,1,56.2
2005,"MIA",16,9,7,0,56.2,7,9,0,43.8
2005,"MIN",16,9,7,0,56.2,9,7,0,56.2
2005,"NE",16,10,6,0,62.5,8,8,0,50
2005,"NO",16,3,13,0,18.8,5,11,0,31.2
2005,"NYG",16,11,5,0,68.8,11,4,1,68.8
2005,"NYJ",16,4,12,0,25,6,10,0,37.5
2005,"OAK",16,4,12,0,25,6,10,0,37.5
2005,"PHI",16,6,10,0,37.5,4,11,1,25
2005,"PIT",16,11,5,0,68.8,9,7,0,56.2
2005,"SD",16,9,7,0,56.2,9,6,1,56.2
2005,"SEA",16,13,3,0,81.2,9,6,1,56.2
2005,"SF",16,4,12,0,25,8,8,0,50
2005,"STL",16,6,10,0,37.5,5,11,0,31.2
2005,"TB",16,11,5,0,68.8,8,7,1,50
2005,"TEN",16,4,12,0,25,6,10,0,37.5
2005,"WAS",16,10,6,0,62.5,10,6,0,62.5
2006,"ARI",16,5,11,0,31.2,8,8,0,50
2006,"ATL",16,7,9,0,43.8,8,8,0,50
2006,"BAL",16,13,3,0,81.2,10,6,0,62.5
2006,"BUF",16,7,9,0,43.8,10,6,0,62.5
2006,"CAR",16,8,8,0,50,6,9,1,37.5
2006,"CHI",16,13,3,0,81.2,9,7,0,56.2
2006,"CIN",16,8,8,0,50,8,7,1,50
2006,"CLE",16,4,12,0,25,7,8,1,43.8
2006,"DAL",16,9,7,0,56.2,8,8,0,50
2006,"DEN",16,9,7,0,56.2,5,11,0,31.2
2006,"DET",16,3,13,0,18.8,6,10,0,37.5
2006,"GB",16,8,8,0,50,7,8,1,43.8
2006,"HOU",16,6,10,0,37.5,7,9,0,43.8
2006,"IND",16,12,4,0,75,8,8,0,50
2006,"JAX",16,8,8,0,50,8,8,0,50
2006,"KC",16,9,7,0,56.2,8,8,0,50
2006,"MIA",16,6,10,0,37.5,6,10,0,37.5
2006,"MIN",16,6,10,0,37.5,7,9,0,43.8
2006,"NE",16,12,4,0,75,10,6,0,62.5
2006,"NO",16,10,6,0,62.5,10,6,0,62.5
2006,"NYG",16,8,8,0,50,8,8,0,50
2006,"NYJ",16,10,6,0,62.5,11,5,0,68.8
2006,"OAK",16,2,14,0,12.5,6,10,0,37.5
2006,"PHI",16,10,6,0,62.5,8,7,1,50
2006,"PIT",16,8,8,0,50,7,8,1,43.8
2006,"SD",16,14,2,0,87.5,9,7,0,56.2
2006,"SEA",16,9,7,0,56.2,6,9,1,37.5
2006,"SF",16,7,9,0,43.8,9,7,0,56.2
2006,"STL",16,8,8,0,50,9,7,0,56.2
2006,"TB",16,4,12,0,25,6,9,1,37.5
2006,"TEN",16,8,8,0,50,11,5,0,68.8
2006,"WAS",16,5,11,0,31.2,5,9,2,31.2
2007,"ARI",16,8,8,0,50,8,7,1,50
2007,"ATL",16,4,12,0,25,8,8,0,50
2007,"BAL",16,5,11,0,31.2,3,13,0,18.8
2007,"BUF",16,7,9,0,43.8,10,6,0,62.5
2007,"CAR",16,7,9,0,43.8,8,8,0,50
2007,"CHI",16,7,9,0,43.8,7,9,0,43.8
2007,"CIN",16,7,9,0,43.8,6,9,1,37.5
2007,"CLE",16,10,6,0,62.5,12,4,0,75
2007,"DAL",16,13,3,0,81.2,9,7,0,56.2
2007,"DEN",16,7,9,0,43.8,5,11,0,31.2
2007,"DET",16,7,9,0,43.8,6,8,2,37.5
2007,"GB",16,13,3,0,81.2,12,3,1,75
2007,"HOU",16,8,8,0,50,8,8,0,50
2007,"IND",16,13,3,0,81.2,9,7,0,56.2
2007,"JAX",16,11,5,0,68.8,11,5,0,68.8
2007,"KC",16,4,12,0,25,6,8,2,37.5
2007,"MIA",16,1,15,0,6.2,5,9,2,31.2
2007,"MIN",16,8,8,0,50,7,7,2,43.8
2007,"NE",16,16,0,0,100,10,6,0,62.5
2007,"NO",16,7,9,0,43.8,6,10,0,37.5
2007,"NYG",16,10,6,0,62.5,10,6,0,62.5
2007,"NYJ",16,4,12,0,25,6,9,1,37.5
2007,"OAK",16,4,12,0,25,6,10,0,37.5
2007,"PHI",16,8,8,0,50,8,8,0,50
2007,"PIT",16,10,6,0,62.5,8,8,0,50
2007,"SD",16,11,5,0,68.8,11,5,0,68.8
2007,"SEA",16,10,6,0,62.5,9,6,1,56.2
2007,"SF",16,5,11,0,31.2,5,10,1,31.2
2007,"STL",16,3,13,0,18.8,5,11,0,31.2
2007,"TB",16,9,7,0,56.2,9,7,0,56.2
2007,"TEN",16,10,6,0,62.5,8,8,0,50
2007,"WAS",16,9,7,0,56.2,7,7,2,43.8
2008,"ARI",16,9,7,0,56.2,9,7,0,56.2
2008,"ATL",16,11,5,0,68.8,9,7,0,56.2
2008,"BAL",16,11,5,0,68.8,12,4,0,75
2008,"BUF",16,7,9,0,43.8,7,9,0,43.8
2008,"CAR",16,12,4,0,75,9,6,1,56.2
2008,"CHI",16,9,7,0,56.2,6,8,2,37.5
2008,"CIN",16,4,11,1,25,7,9,0,43.8
2008,"CLE",16,4,12,0,25,6,9,1,37.5
2008,"DAL",16,9,7,0,56.2,7,9,0,43.8
2008,"DEN",16,8,8,0,50,4,11,1,25
2008,"DET",16,0,16,0,0,7,9,0,43.8
2008,"GB",16,6,10,0,37.5,8,8,0,50
2008,"HOU",16,8,8,0,50,9,7,0,56.2
2008,"IND",16,12,4,0,75,7,8,1,43.8
2008,"JAX",16,5,11,0,31.2,4,12,0,25
2008,"KC",16,2,14,0,12.5,8,8,0,50
2008,"MIA",16,11,5,0,68.8,8,8,0,50
2008,"MIN",16,10,6,0,62.5,6,10,0,37.5
2008,"NE",16,11,5,0,68.8,9,7,0,56.2
2008,"NO",16,8,8,0,50,10,5,1,62.5
2008,"NYG",16,12,4,0,75,12,4,0,75
2008,"NYJ",16,9,7,0,56.2,7,9,0,43.8
2008,"OAK",16,5,11,0,31.2,7,9,0,43.8
2008,"PHI",16,9,6,1,56.2,10,6,0,62.5
2008,"PIT",16,12,4,0,75,9,7,0,56.2
2008,"SD",16,8,8,0,50,7,8,1,43.8
2008,"SEA",16,4,12,0,25,7,8,1,43.8
2008,"SF",16,7,9,0,43.8,7,8,1,43.8
2008,"STL",16,2,14,0,12.5,6,10,0,37.5
2008,"TB",16,9,7,0,56.2,8,8,0,50
2008,"TEN",16,13,3,0,81.2,12,4,0,75
2008,"WAS",16,8,8,0,50,6,8,2,37.5
2009,"ARI",16,10,6,0,62.5,8,8,0,50
2009,"ATL",16,9,7,0,56.2,11,5,0,68.8
2009,"BAL",16,9,7,0,56.2,8,7,1,50
2009,"BUF",16,6,10,0,37.5,8,7,1,50
2009,"CAR",16,8,8,0,50,9,7,0,56.2
2009,"CHI",16,7,9,0,43.8,6,10,0,37.5
2009,"CIN",16,10,6,0,62.5,7,9,0,43.8
2009,"CLE",16,5,11,0,31.2,10,6,0,62.5
2009,"DAL",16,11,5,0,68.8,9,7,0,56.2
2009,"DEN",16,8,8,0,50,9,7,0,56.2
2009,"DET",16,2,14,0,12.5,4,10,2,25
2009,"GB",16,11,5,0,68.8,11,4,1,68.8
2009,"HOU",16,9,7,0,56.2,7,8,1,43.8
2009,"IND",16,14,2,0,87.5,10,6,0,62.5
2009,"JAX",16,7,9,0,43.8,5,11,0,31.2
2009,"KC",16,4,12,0,25,7,9,0,43.8
2009,"MIA",16,7,9,0,43.8,8,8,0,50
2009,"MIN",16,12,4,0,75,9,6,1,56.2
2009,"NE",16,10,6,0,62.5,8,7,1,50
2009,"NO",16,13,3,0,81.2,8,8,0,50
2009,"NYG",16,8,8,0,50,6,9,1,37.5
2009,"NYJ",16,9,7,0,56.2,9,7,0,56.2
2009,"OAK",16,5,11,0,31.2,8,8,0,50
2009,"PHI",16,11,5,0,68.8,9,7,0,56.2
2009,"PIT",16,9,7,0,56.2,5,10,1,31.2
2009,"SD",16,13,3,0,81.2,8,7,1,50
2009,"SEA",16,5,11,0,31.2,6,10,0,37.5
2009,"SF",16,8,8,0,50,9,4,3,56.2
2009,"STL",16,1,15,0,6.2,7,9,0,43.8
2009,"TB",16,3,13,0,18.8,6,10,0,37.5
2009,"TEN",16,8,8,0,50,7,9,0,43.8
2009,"WAS",16,4,12,0,25,6,8,2,37.5
2010,"ARI",16,5,11,0,31.2,5,11,0,31.2
2010,"ATL",16,13,3,0,81.2,11,5,0,68.8
2010,"BAL",16,12,4,0,75,8,7,1,50
2010,"BUF",16,4,12,0,25,8,7,1,50
2010,"CAR",16,2,14,0,12.5,4,12,0,25
2010,"CHI",16,11,5,0,68.8,9,6,1,56.2
2010,"CIN",16,4,12,0,25,7,9,0,43.8
2010,"CLE",16,5,11,0,31.2,5,11,0,31.2
2010,"DAL",16,6,10,0,37.5,7,9,0,43.8
2010,"DEN",16,4,12,0,25,5,11,0,31.2
2010,"DET",16,6,10,0,37.5,12,4,0,75
2010,"GB",16,10,6,0,62.5,9,7,0,56.2
2010,"HOU",16,6,10,0,37.5,5,10,1,31.2
2010,"IND",16,10,6,0,62.5,8,7,1,50
2010,"JAX",16,8,8,0,50,9,7,0,56.2
2010,"KC",16,10,6,0,62.5,9,7,0,56.2
2010,"MIA",16,7,9,0,43.8,8,8,0,50
2010,"MIN",16,6,10,0,37.5,5,10,1,31.2
2010,"NE",16,14,2,0,87.5,10,5,1,62.5
2010,"NO",16,11,5,0,68.8,6,9,1,37.5
2010,"NYG",16,10,6,0,62.5,7,9,0,43.8
2010,"NYJ",16,11,5,0,68.8,9,7,0,56.2
2010,"OAK",16,8,8,0,50,8,8,0,50
2010,"PHI",16,10,6,0,62.5,7,9,0,43.8
2010,"PIT",16,12,4,0,75,10,6,0,62.5
2010,"SD",16,9,7,0,56.2,9,7,0,56.2
2010,"SEA",16,7,9,0,43.8,7,9,0,43.8
2010,"SF",16,6,10,0,37.5,7,9,0,43.8
2010,"STL",16,7,9,0,43.8,10,6,0,62.5
2010,"TB",16,10,6,0,62.5,10,6,0,62.5
2010,"TEN",16,6,10,0,37.5,8,8,0,50
2010,"WAS",16,6,10,0,37.5,9,5,2,56.2
2011,"ARI",16,8,8,0,50,8,7,1,50
2011,"ATL",16,10,6,0,62.5,7,8,1,43.8
2011,"BAL",16,12,4,0,75,8,7,1,50
2011,"BUF",16,6,10,0,37.5,6,9,1,37.5
2011,"CAR",16,6,10,0,37.5,9,6,1,56.2
2011,"CHI",16,8,8,0,50,8,8,0,50
2011,"CIN",16,9,7,0,56.2,8,6,2,50
2011,"CLE",16,4,12,0,25,8,7,1,50
2011,"DAL",16,8,8,0,50,5,10,1,31.2
2011,"DEN",16,8,8,0,50,7,9,0,43.8
2011,"DET",16,10,6,0,62.5,7,8,1,43.8
2011,"GB",16,15,1,0,93.8,11,5,0,68.8
2011,"HOU",16,10,6,0,62.5,10,5,1,62.5
2011,"IND",16,2,14,0,12.5,6,10,0,37.5
2011,"JAX",16,5,11,0,31.2,7,8,1,43.8
2011,"KC",16,7,9,0,43.8,9,7,0,56.2
2011,"MIA",16,6,10,0,37.5,8,7,1,50
2011,"MIN",16,3,13,0,18.8,6,8,2,37.5
2011,"NE",16,13,3,0,81.2,9,7,0,56.2
2011,"NO",16,13,3,0,81.2,12,4,0,75
2011,"NYG",16,9,7,0,56.2,8,7,1,50
2011,"NYJ",16,8,8,0,50,6,9,1,37.5
2011,"OAK",16,8,8,0,50,10,6,0,62.5
2011,"PHI",16,8,8,0,50,8,8,0,50
2011,"PIT",16,12,4,0,75,7,9,0,43.8
2011,"SD",16,8,8,0,50,6,10,0,37.5
2011,"SEA",16,7,9,0,43.8,10,5,1,62.5
2011,"SF",16,13,3,0,81.2,11,4,1,68.8
2011,"STL",16,2,14,0,12.5,3,12,1,18.8
2011,"TB",16,4,12,0,25,4,12,0,25
2011,"TEN",16,9,7,0,56.2,7,9,0,43.8
2011,"WAS",16,5,11,0,31.2,7,9,0,43.8
2012,"ARI",16,5,11,0,31.2,7,9,0,43.8
2012,"ATL",16,13,3,0,81.2,9,7,0,56.2
2012,"BAL",16,10,6,0,62.5,6,9,1,37.5
2012,"BUF",16,6,10,0,37.5,7,9,0,43.8
2012,"CAR",16,7,9,0,43.8,9,7,0,56.2
2012,"CHI",16,10,6,0,62.5,7,9,0,43.8
2012,"CIN",16,10,6,0,62.5,9,6,1,56.2
2012,"CLE",16,5,11,0,31.2,8,7,1,50
2012,"DAL",16,8,8,0,50,6,10,0,37.5
2012,"DEN",16,13,3,0,81.2,11,5,0,68.8
2012,"DET",16,4,12,0,25,6,10,0,37.5
2012,"GB",16,11,5,0,68.8,9,7,0,56.2
2012,"HOU",16,12,4,0,75,9,7,0,56.2
2012,"IND",16,11,5,0,68.8,10,5,1,62.5
2012,"JAX",16,2,14,0,12.5,7,9,0,43.8
2012,"KC",16,2,14,0,12.5,5,11,0,31.2
2012,"MIA",16,7,9,0,43.8,8,7,1,50
2012,"MIN",16,10,6,0,62.5,9,7,0,56.2
2012,"NE",16,12,4,0,75,9,7,0,56.2
2012,"NO",16,7,9,0,43.8,8,8,0,50
2012,"NYG",16,9,7,0,56.2,7,9,0,43.8
2012,"NYJ",16,6,10,0,37.5,6,9,1,37.5
2012,"OAK",16,4,12,0,25,5,11,0,31.2
2012,"PHI",16,4,12,0,25,4,12,0,25
2012,"PIT",16,8,8,0,50,6,9,1,37.5
2012,"SD",16,7,9,0,43.8,7,9,0,43.8
2012,"SEA",16,11,5,0,68.8,11,5,0,68.8
2012,"SF",16,11,4,1,68.8,9,7,0,56.2
2012,"STL",16,7,8,1,43.8,11,5,0,68.8
2012,"TB",16,7,9,0,43.8,10,6,0,62.5
2012,"TEN",16,6,10,0,37.5,6,9,1,37.5
2012,"WAS",16,10,6,0,62.5,11,5,0,68.8
2013,"ARI",16,10,6,0,62.5,10,5,1,62.5
2013,"ATL",16,4,12,0,25,7,9,0,43.8
2013,"BAL",16,8,8,0,50,7,8,1,43.8
2013,"BUF",16,6,10,0,37.5,8,8,0,50
2013,"CAR",16,12,4,0,75,9,5,2,56.2
2013,"CHI",16,8,8,0,50,4,11,1,25
2013,"CIN",16,11,5,0,68.8,10,5,1,62.5
2013,"CLE",16,4,12,0,25,6,10,0,37.5
2013,"DAL",16,8,8,0,50,9,7,0,56.2
2013,"DEN",16,13,3,0,81.2,10,6,0,62.5
2013,"DET",16,7,9,0,43.8,6,10,0,37.5
2013,"GB",16,8,7,1,50,6,9,1,37.5
2013,"HOU",16,2,14,0,12.5,4,12,0,25
2013,"IND",16,11,5,0,68.8,9,6,1,56.2
2013,"JAX",16,4,12,0,25,5,10,1,31.2
2013,"KC",16,11,5,0,68.8,9,7,0,56.2
2013,"MIA",16,8,8,0,50,8,7,1,50
2013,"MIN",16,5,10,1,31.2,9,7,0,56.2
2013,"NE",16,12,4,0,75,8,8,0,50
2013,"NO",16,11,5,0,68.8,8,8,0,50
2013,"NYG",16,7,9,0,43.8,7,9,0,43.8
2013,"NYJ",16,8,8,0,50,9,6,1,56.2
2013,"OAK",16,4,12,0,25,8,8,0,50
2013,"PHI",16,10,6,0,62.5,8,8,0,50
2013,"PIT",16,8,8,0,50,9,7,0,56.2
2013,"SD",16,9,7,0,56.2,9,6,1,56.2
2013,"SEA",16,13,3,0,81.2,10,5,1,62.5
2013,"SF",16,12,4,0,75,11,4,1,68.8
2013,"STL",16,7,9,0,43.8,7,9,0,43.8
2013,"TB",16,4,12,0,25,6,10,0,37.5
2013,"TEN",16,7,9,0,43.8,6,6,4,37.5
2013,"WAS",16,3,13,0,18.8,5,11,0,31.2
2014,"ARI",16,11,5,0,68.8,11,5,0,68.8
2014,"ATL",16,6,10,0,37.5,8,8,0,50
2014,"BAL",16,10,6,0,62.5,7,8,1,43.8
2014,"BUF",16,9,7,0,56.2,9,7,0,56.2
2014,"CAR",16,7,8,1,43.8,7,9,0,43.8
2014,"CHI",16,5,11,0,31.2,7,9,0,43.8
2014,"CIN",16,10,5,1,62.5,8,7,1,50
2014,"CLE",16,7,9,0,43.8,10,5,1,62.5
2014,"DAL",16,12,4,0,75,10,6,0,62.5
2014,"DEN",16,12,4,0,75,8,8,0,50
2014,"DET",16,11,5,0,68.8,7,9,0,43.8
2014,"GB",16,12,4,0,75,9,7,0,56.2
2014,"HOU",16,9,7,0,56.2,9,7,0,56.2
2014,"IND",16,11,5,0,68.8,11,5,0,68.8
2014,"JAX",16,3,13,0,18.8,6,9,1,37.5
2014,"KC",16,9,7,0,56.2,10,5,1,62.5
2014,"MIA",16,8,8,0,50,7,9,0,43.8
2014,"MIN",16,7,9,0,43.8,10,6,0,62.5
2014,"NE",16,12,4,0,75,9,7,0,56.2
2014,"NO",16,7,9,0,43.8,6,10,0,37.5
2014,"NYG",16,6,10,0,37.5,7,9,0,43.8
2014,"NYJ",16,4,12,0,25,7,9,0,43.8
2014,"OAK",16,3,13,0,18.8,8,8,0,50
2014,"PHI",16,10,6,0,62.5,8,7,1,50
2014,"PIT",16,11,5,0,68.8,9,7,0,56.2
2014,"SD",16,9,7,0,56.2,7,9,0,43.8
2014,"SEA",16,12,4,0,75,10,6,0,62.5
2014,"SF",16,8,8,0,50,4,10,2,25
2014,"STL",16,6,10,0,37.5,8,8,0,50
2014,"TB",16,2,14,0,12.5,7,9,0,43.8
2014,"TEN",16,2,14,0,12.5,3,13,0,18.8
2014,"WAS",16,4,12,0,25,5,11,0,31.2
2015,"ARI",16,13,3,0,81.2,9,6,1,56.2
2015,"ATL",16,8,8,0,50,6,10,0,37.5
2015,"BAL",16,5,11,0,31.2,6,9,1,37.5
2015,"BUF",16,8,8,0,50,7,7,2,43.8
2015,"CAR",16,15,1,0,93.8,11,5,0,68.8
2015,"CHI",16,6,10,0,37.5,6,9,1,37.5
2015,"CIN",16,12,4,0,75,11,3,2,68.8
2015,"CLE",16,3,13,0,18.8,6,10,0,37.5
2015,"DAL",16,4,12,0,25,4,11,1,25
2015,"DEN",16,12,4,0,75,8,7,1,50
2015,"DET",16,7,9,0,43.8,7,8,1,43.8
2015,"GB",16,10,6,0,62.5,9,7,0,56.2
2015,"HOU",16,9,7,0,56.2,9,7,0,56.2
2015,"IND",16,8,8,0,50,8,8,0,50
2015,"JAX",16,5,11,0,31.2,7,9,0,43.8
2015,"KC",16,11,5,0,68.8,8,8,0,50
2015,"MIA",16,6,10,0,37.5,5,11,0,31.2
2015,"MIN",16,11,5,0,68.8,13,3,0,81.2
2015,"NE",16,12,4,0,75,7,7,2,43.8
2015,"NO",16,7,9,0,43.8,8,7,1,50
2015,"NYG",16,6,10,0,37.5,8,7,1,50
2015,"NYJ",16,10,6,0,62.5,9,6,1,56.2
2015,"OAK",16,7,9,0,43.8,8,8,0,50
2015,"PHI",16,7,9,0,43.8,7,9,0,43.8
2015,"PIT",16,10,6,0,62.5,9,6,1,56.2
2015,"SD",16,4,12,0,25,8,8,0,50
2015,"SEA",16,10,6,0,62.5,8,7,1,50
2015,"SF",16,5,11,0,31.2,7,9,0,43.8
2015,"STL",16,7,9,0,43.8,7,9,0,43.8
2015,"TB",16,6,10,0,37.5,7,9,0,43.8
2015,"TEN",16,3,13,0,18.8,5,10,1,31.2
2015,"WAS",16,9,7,0,56.2,9,7,0,56.2
2016,"ARI",16,7,8,1,43.8,6,10,0,37.5
2016,"ATL",16,11,5,0,68.8,10,6,0,62.5
2016,"BAL",16,8,8,0,50,7,9,0,43.8
2016,"BUF",16,7,9,0,43.8,6,10,0,37.5
2016,"CAR",16,6,10,0,37.5,6,9,1,37.5
2016,"CHI",16,3,13,0,18.8,7,9,0,43.8
2016,"CIN",16,6,9,1,37.5,7,9,0,43.8
2016,"CLE",16,1,15,0,6.2,3,12,1,18.8
2016,"DAL",16,13,3,0,81.2,10,6,0,62.5
2016,"DEN",16,9,7,0,56.2,9,7,0,56.2
2016,"DET",16,9,7,0,56.2,8,8,0,50
2016,"GB",16,10,6,0,62.5,9,6,1,56.2
2016,"HOU",16,9,7,0,56.2,6,9,1,37.5
2016,"IND",16,8,8,0,50,7,8,1,43.8
2016,"JAX",16,3,13,0,18.8,8,8,0,50
2016,"KC",16,12,4,0,75,9,7,0,56.2
2016,"LAR",16,4,12,0,25,4,11,1,25
2016,"MIA",16,10,6,0,62.5,9,7,0,56.2
2016,"MIN",16,8,8,0,50,9,7,0,56.2
2016,"NE",16,14,2,0,87.5,13,3,0,81.2
2016,"NO",16,7,9,0,43.8,11,5,0,68.8
2016,"NYG",16,11,5,0,68.8,9,6,1,56.2
2016,"NYJ",16,5,11,0,31.2,6,10,0,37.5
2016,"OAK",16,12,4,0,75,10,6,0,62.5
2016,"PHI",16,7,9,0,43.8,8,8,0,50
2016,"PIT",16,11,5,0,68.8,9,6,1,56.2
2016,"SD",16,5,11,0,31.2,7,9,0,43.8
2016,"SEA",16,10,5,1,62.5,8,8,0,50
2016,"SF",16,2,14,0,12.5,5,11,0,31.2
2016,"TB",16,9,7,0,56.2,9,7,0,56.2
2016,"TEN",16,9,7,0,56.2,7,9,0,43.8
2016,"WAS",16,8,7,1,50,10,6,0,62.5
